category_id,group,hierarchy,co2e_per_dollar,mods
10000000,special,"""Bank Fees""",0,
10001000,special,"""Bank Fees"",""Overdraft""",0,
10002000,special,"""Bank Fees"",""ATM""",0,
10003000,special,"""Bank Fees"",""Late Payment""",0,
10004000,special,"""Bank Fees"",""Fraud Dispute""",0,
10005000,special,"""Bank Fees"",""Foreign Transaction""",0,
10006000,special,"""Bank Fees"",""Wire Transfer""",0,
10007000,special,"""Bank Fees"",""Insufficient Funds""",0,
10008000,special,"""Bank Fees"",""Cash Advance""",0,
10009000,special,"""Bank Fees"",""Excess Activity""",0,
11000000,special,"""Cash Advance""",0,
12000000,place,"""Community""",0,
12001000,place,"""Community"",""Animal Shelter""",0,
12002000,place,"""Community"",""Assisted Living Services""",0,
12002001,place,"""Community"",""Assisted Living Services"",""Facilities and Nursing Homes""",0,
12002002,place,"""Community"",""Assisted Living Services"",""Caretakers""",0,
12003000,place,"""Community"",""Cemetery""",0,
12004000,place,"""Community"",""Courts""",0,
12005000,place,"""Community"",""Day Care and Preschools""",0,
12006000,place,"""Community"",""Disabled Persons Services""",0,
12007000,place,"""Community"",""Drug and Alcohol Services""",0,
12008000,place,"""Community"",""Education""",0,
12008001,place,"""Community"",""Education"",""Vocational Schools""",0,
12008002,place,"""Community"",""Education"",""Tutoring and Educational Services""",0,
12008003,place,"""Community"",""Education"",""Primary and Secondary Schools""",0,
12008004,place,"""Community"",""Education"",""Fraternities and Sororities""",0,
12008005,place,"""Community"",""Education"",""Driving Schools""",0,
12008006,place,"""Community"",""Education"",""Dance Schools""",0,
12008007,place,"""Community"",""Education"",""Culinary Lessons and Schools""",0,
12008008,place,"""Community"",""Education"",""Computer Training""",0,
12008009,place,"""Community"",""Education"",""Colleges and Universities""",0,
12008010,place,"""Community"",""Education"",""Art School""",0,
12008011,place,"""Community"",""Education"",""Adult Education""",0,
12009000,place,"""Community"",""Government Departments and Agencies""",0,
12010000,place,"""Community"",""Government Lobbyists""",0,
12011000,place,"""Community"",""Housing Assistance and Shelters""",0,
12012000,place,"""Community"",""Law Enforcement""",0,
12012001,place,"""Community"",""Law Enforcement"",""Police Stations""",0,
12012002,place,"""Community"",""Law Enforcement"",""Fire Stations""",0,
12012003,place,"""Community"",""Law Enforcement"",""Correctional Institutions""",0,
12013000,place,"""Community"",""Libraries""",0,
12014000,place,"""Community"",""Military""",0,
12015000,place,"""Community"",""Organizations and Associations""",0,
12015001,place,"""Community"",""Organizations and Associations"",""Youth Organizations""",0,
12015002,place,"""Community"",""Organizations and Associations"",""Environmental""",0,
12015003,place,"""Community"",""Organizations and Associations"",""Charities and Non-Profits""",0,
12016000,place,"""Community"",""Post Offices""",0,
12017000,place,"""Community"",""Public and Social Services""",0,
12018000,place,"""Community"",""Religious""",0,
12018001,place,"""Community"",""Religious"",""Temple""",0,
12018002,place,"""Community"",""Religious"",""Synagogues""",0,
12018003,place,"""Community"",""Religious"",""Mosques""",0,
12018004,place,"""Community"",""Religious"",""Churches""",0,
12019000,place,"""Community"",""Senior Citizen Services""",0,
12019001,place,"""Community"",""Senior Citizen Services"",""Retirement""",0,
13000000,place,"""Food and Drink""",274,diet
13001000,place,"""Food and Drink"",""Bar""",80,
13001001,place,"""Food and Drink"",""Bar"",""Wine Bar""",85,
13001002,place,"""Food and Drink"",""Bar"",""Sports Bar""",53,
13001003,place,"""Food and Drink"",""Bar"",""Hotel Lounge""",57,
13002000,place,"""Food and Drink"",""Breweries""",56,
13003000,place,"""Food and Drink"",""Internet Cafes""",351,diet
13004000,place,"""Food and Drink"",""Nightlife""",50,
13004001,place,"""Food and Drink"",""Nightlife"",""Strip Club""",50,
13004002,place,"""Food and Drink"",""Nightlife"",""Night Clubs""",50,
13004003,place,"""Food and Drink"",""Nightlife"",""Karaoke""",50,
13004004,place,"""Food and Drink"",""Nightlife"",""Jazz and Blues Cafe""",50,
13004005,place,"""Food and Drink"",""Nightlife"",""Hookah Lounges""",57,
13004006,place,"""Food and Drink"",""Nightlife"",""Adult Entertainment""",50,
13005000,place,"""Food and Drink"",""Restaurants""",351,diet
13005001,place,"""Food and Drink"",""Restaurants"",""Winery""",90,
13005002,place,"""Food and Drink"",""Restaurants"",""Vegan and Vegetarian""",152,
13005003,place,"""Food and Drink"",""Restaurants"",""Turkish""",351,diet
13005004,place,"""Food and Drink"",""Restaurants"",""Thai""",351,diet
13005005,place,"""Food and Drink"",""Restaurants"",""Swiss""",351,diet
13005006,place,"""Food and Drink"",""Restaurants"",""Sushi""",351,diet
13005007,place,"""Food and Drink"",""Restaurants"",""Steakhouses""",351,diet
13005008,place,"""Food and Drink"",""Restaurants"",""Spanish""",351,diet
13005009,place,"""Food and Drink"",""Restaurants"",""Seafood""",351,diet
13005010,place,"""Food and Drink"",""Restaurants"",""Scandinavian""",351,diet
13005011,place,"""Food and Drink"",""Restaurants"",""Portuguese""",351,diet
13005012,place,"""Food and Drink"",""Restaurants"",""Pizza""",351,diet
13005013,place,"""Food and Drink"",""Restaurants"",""Moroccan""",351,diet
13005014,place,"""Food and Drink"",""Restaurants"",""Middle Eastern""",351,diet
13005015,place,"""Food and Drink"",""Restaurants"",""Mexican""",351,diet
13005016,place,"""Food and Drink"",""Restaurants"",""Mediterranean""",351,diet
13005017,place,"""Food and Drink"",""Restaurants"",""Latin American""",351,diet
13005018,place,"""Food and Drink"",""Restaurants"",""Korean""",351,diet
13005019,place,"""Food and Drink"",""Restaurants"",""Juice Bar""",79,reusable
13005020,place,"""Food and Drink"",""Restaurants"",""Japanese""",351,diet
13005021,place,"""Food and Drink"",""Restaurants"",""Italian""",351,diet
13005022,place,"""Food and Drink"",""Restaurants"",""Indonesian""",351,diet
13005023,place,"""Food and Drink"",""Restaurants"",""Indian""",351,diet
13005024,place,"""Food and Drink"",""Restaurants"",""Ice Cream""",165,
13005025,place,"""Food and Drink"",""Restaurants"",""Greek""",351,diet
13005026,place,"""Food and Drink"",""Restaurants"",""German""",351,diet
13005027,place,"""Food and Drink"",""Restaurants"",""Gastropub""",351,diet
13005028,place,"""Food and Drink"",""Restaurants"",""French""",351,diet
13005029,place,"""Food and Drink"",""Restaurants"",""Food Truck""",351,diet
13005030,place,"""Food and Drink"",""Restaurants"",""Fish and Chips""",351,diet
13005031,place,"""Food and Drink"",""Restaurants"",""Filipino""",351,diet
13005032,place,"""Food and Drink"",""Restaurants"",""Fast Food""",351,diet
13005033,place,"""Food and Drink"",""Restaurants"",""Falafel""",351,diet
13005034,place,"""Food and Drink"",""Restaurants"",""Ethiopian""",351,diet
13005035,place,"""Food and Drink"",""Restaurants"",""Eastern European""",351,diet
13005036,place,"""Food and Drink"",""Restaurants"",""Donuts""",152,
13005037,place,"""Food and Drink"",""Restaurants"",""Distillery""",26,
13005038,place,"""Food and Drink"",""Restaurants"",""Diners""",351,diet
13005039,place,"""Food and Drink"",""Restaurants"",""Dessert""",152,
13005040,place,"""Food and Drink"",""Restaurants"",""Delis""",351,diet
13005041,place,"""Food and Drink"",""Restaurants"",""Cupcake Shop""",152,diet
13005042,place,"""Food and Drink"",""Restaurants"",""Cuban""",351,diet
13005043,place,"""Food and Drink"",""Restaurants"",""Coffee Shop""",67,reusable
13005044,place,"""Food and Drink"",""Restaurants"",""Chinese""",351,diet
13005045,place,"""Food and Drink"",""Restaurants"",""Caribbean""",351,diet
13005046,place,"""Food and Drink"",""Restaurants"",""Cajun""",351,diet
13005047,place,"""Food and Drink"",""Restaurants"",""Cafe""",351,diet
13005048,place,"""Food and Drink"",""Restaurants"",""Burrito""",351,diet
13005049,place,"""Food and Drink"",""Restaurants"",""Burgers""",351,diet
13005050,place,"""Food and Drink"",""Restaurants"",""Breakfast Spot""",351,diet
13005051,place,"""Food and Drink"",""Restaurants"",""Brazilian""",351,diet
13005052,place,"""Food and Drink"",""Restaurants"",""Barbecue""",351,diet
13005053,place,"""Food and Drink"",""Restaurants"",""Bakery""",351,diet
13005054,place,"""Food and Drink"",""Restaurants"",""Bagel Shop""",351,diet
13005055,place,"""Food and Drink"",""Restaurants"",""Australian""",351,diet
13005056,place,"""Food and Drink"",""Restaurants"",""Asian""",351,diet
13005057,place,"""Food and Drink"",""Restaurants"",""American""",351,diet
13005058,place,"""Food and Drink"",""Restaurants"",""African""",351,diet
13005059,place,"""Food and Drink"",""Restaurants"",""Afghan""",351,diet
14000000,place,"""Healthcare""",0,
14001000,place,"""Healthcare"",""Healthcare Services""",0,
14001001,place,"""Healthcare"",""Healthcare Services"",""Psychologists""",0,
14001002,place,"""Healthcare"",""Healthcare Services"",""Pregnancy and Sexual Health""",0,
14001003,place,"""Healthcare"",""Healthcare Services"",""Podiatrists""",0,
14001004,place,"""Healthcare"",""Healthcare Services"",""Physical Therapy""",0,
14001005,place,"""Healthcare"",""Healthcare Services"",""Optometrists""",0,
14001006,place,"""Healthcare"",""Healthcare Services"",""Nutritionists""",0,
14001007,place,"""Healthcare"",""Healthcare Services"",""Nurses""",0,
14001008,place,"""Healthcare"",""Healthcare Services"",""Mental Health""",0,
14001009,place,"""Healthcare"",""Healthcare Services"",""Medical Supplies and Labs""",0,
14001010,place,"""Healthcare"",""Healthcare Services"",""Hospitals, Clinics and Medical Centers""",0,
14001011,place,"""Healthcare"",""Healthcare Services"",""Emergency Services""",0,
14001012,place,"""Healthcare"",""Healthcare Services"",""Dentists""",0,
14001013,place,"""Healthcare"",""Healthcare Services"",""Counseling and Therapy""",0,
14001014,place,"""Healthcare"",""Healthcare Services"",""Chiropractors""",0,
14001015,place,"""Healthcare"",""Healthcare Services"",""Blood Banks and Centers""",0,
14001016,place,"""Healthcare"",""Healthcare Services"",""Alternative Medicine""",0,
14001017,place,"""Healthcare"",""Healthcare Services"",""Acupuncture""",0,
14002000,place,"""Healthcare"",""Physicians""",0,
14002001,place,"""Healthcare"",""Physicians"",""Urologists""",0,
14002002,place,"""Healthcare"",""Physicians"",""Respiratory""",0,
14002003,place,"""Healthcare"",""Physicians"",""Radiologists""",0,
14002004,place,"""Healthcare"",""Physicians"",""Psychiatrists""",0,
14002005,place,"""Healthcare"",""Physicians"",""Plastic Surgeons""",0,
14002006,place,"""Healthcare"",""Physicians"",""Pediatricians""",0,
14002007,place,"""Healthcare"",""Physicians"",""Pathologists""",0,
14002008,place,"""Healthcare"",""Physicians"",""Orthopedic Surgeons""",0,
14002009,place,"""Healthcare"",""Physicians"",""Ophthalmologists""",0,
14002010,place,"""Healthcare"",""Physicians"",""Oncologists""",0,
14002011,place,"""Healthcare"",""Physicians"",""Obstetricians and Gynecologists""",0,
14002012,place,"""Healthcare"",""Physicians"",""Neurologists""",0,
14002013,place,"""Healthcare"",""Physicians"",""Internal Medicine""",0,
14002014,place,"""Healthcare"",""Physicians"",""General Surgery""",0,
14002015,place,"""Healthcare"",""Physicians"",""Gastroenterologists""",0,
14002016,place,"""Healthcare"",""Physicians"",""Family Medicine""",0,
14002017,place,"""Healthcare"",""Physicians"",""Ear, Nose and Throat""",0,
14002018,place,"""Healthcare"",""Physicians"",""Dermatologists""",0,
14002019,place,"""Healthcare"",""Physicians"",""Cardiologists""",0,
14002020,place,"""Healthcare"",""Physicians"",""Anesthesiologists""",0,
15000000,special,"""Interest""",0,
15001000,special,"""Interest"",""Interest Earned""",0,
15002000,special,"""Interest"",""Interest Charged""",0,
16000000,special,"""Payment""",0,
16001000,special,"""Payment"",""Credit Card""",0,
16002000,special,"""Payment"",""Rent""",0,
16003000,special,"""Payment"",""Loan""",0,
17000000,place,"""Recreation""",0,
17001000,place,"""Recreation"",""Arts and Entertainment""",0,
17001001,place,"""Recreation"",""Arts and Entertainment"",""Theatrical Productions""",0,
17001002,place,"""Recreation"",""Arts and Entertainment"",""Symphony and Opera""",0,
17001003,place,"""Recreation"",""Arts and Entertainment"",""Sports Venues""",0,
17001004,place,"""Recreation"",""Arts and Entertainment"",""Social Clubs""",0,
17001005,place,"""Recreation"",""Arts and Entertainment"",""Psychics and Astrologers""",0,
17001006,place,"""Recreation"",""Arts and Entertainment"",""Party Centers""",0,
17001007,place,"""Recreation"",""Arts and Entertainment"",""Music and Show Venues""",0,
17001008,place,"""Recreation"",""Arts and Entertainment"",""Museums""",0,
17001009,place,"""Recreation"",""Arts and Entertainment"",""Movie Theatres""",0,
17001010,place,"""Recreation"",""Arts and Entertainment"",""Fairgrounds and Rodeos""",0,
17001011,place,"""Recreation"",""Arts and Entertainment"",""Entertainment""",0,
17001012,place,"""Recreation"",""Arts and Entertainment"",""Dance Halls and Saloons""",0,
17001013,place,"""Recreation"",""Arts and Entertainment"",""Circuses and Carnivals""",0,
17001014,place,"""Recreation"",""Arts and Entertainment"",""Casinos and Gaming""",0,
17001015,place,"""Recreation"",""Arts and Entertainment"",""Bowling""",0,
17001016,place,"""Recreation"",""Arts and Entertainment"",""Billiards and Pool""",0,
17001017,place,"""Recreation"",""Arts and Entertainment"",""Art Dealers and Galleries""",0,
17001018,place,"""Recreation"",""Arts and Entertainment"",""Arcades and Amusement Parks""",0,
17001019,place,"""Recreation"",""Arts and Entertainment"",""Aquarium""",0,
17002000,place,"""Recreation"",""Athletic Fields""",0,
17003000,place,"""Recreation"",""Baseball""",0,
17004000,place,"""Recreation"",""Basketball""",0,
17005000,place,"""Recreation"",""Batting Cages""",0,
17006000,place,"""Recreation"",""Boating""",0,
17007000,place,"""Recreation"",""Campgrounds and RV Parks""",0,
17008000,place,"""Recreation"",""Canoes and Kayaks""",0,
17009000,place,"""Recreation"",""Combat Sports""",0,
17010000,place,"""Recreation"",""Cycling""",0,
17011000,place,"""Recreation"",""Dance""",0,
17012000,place,"""Recreation"",""Equestrian""",0,
17013000,place,"""Recreation"",""Football""",0,
17014000,place,"""Recreation"",""Go Carts""",0,
17015000,place,"""Recreation"",""Golf""",0,
17016000,place,"""Recreation"",""Gun Ranges""",0,
17017000,place,"""Recreation"",""Gymnastics""",0,
17018000,place,"""Recreation"",""Gyms and Fitness Centers""",0,
17019000,place,"""Recreation"",""Hiking""",0,
17020000,place,"""Recreation"",""Hockey""",0,
17021000,place,"""Recreation"",""Hot Air Balloons""",0,
17022000,place,"""Recreation"",""Hunting and Fishing""",0,
17023000,place,"""Recreation"",""Landmarks""",0,
17023001,place,"""Recreation"",""Landmarks"",""Monuments and Memorials""",0,
17023002,place,"""Recreation"",""Landmarks"",""Historic Sites""",0,
17023003,place,"""Recreation"",""Landmarks"",""Gardens""",0,
17023004,place,"""Recreation"",""Landmarks"",""Buildings and Structures""",0,
17024000,place,"""Recreation"",""Miniature Golf""",0,
17025000,place,"""Recreation"",""Outdoors""",0,
17025001,place,"""Recreation"",""Outdoors"",""Rivers""",0,
17025002,place,"""Recreation"",""Outdoors"",""Mountains""",0,
17025003,place,"""Recreation"",""Outdoors"",""Lakes""",0,
17025004,place,"""Recreation"",""Outdoors"",""Forests""",0,
17025005,place,"""Recreation"",""Outdoors"",""Beaches""",0,
17026000,place,"""Recreation"",""Paintball""",0,
17027000,place,"""Recreation"",""Parks""",0,
17027001,place,"""Recreation"",""Parks"",""Playgrounds""",0,
17027002,place,"""Recreation"",""Parks"",""Picnic Areas""",0,
17027003,place,"""Recreation"",""Parks"",""Natural Parks""",0,
17028000,place,"""Recreation"",""Personal Trainers""",0,
17029000,place,"""Recreation"",""Race Tracks""",0,
17030000,place,"""Recreation"",""Racquet Sports""",0,
17031000,place,"""Recreation"",""Racquetball""",0,
17032000,place,"""Recreation"",""Rafting""",0,
17033000,place,"""Recreation"",""Recreation Centers""",0,
17034000,place,"""Recreation"",""Rock Climbing""",0,
17035000,place,"""Recreation"",""Running""",0,
17036000,place,"""Recreation"",""Scuba Diving""",0,
17037000,place,"""Recreation"",""Skating""",0,
17038000,place,"""Recreation"",""Skydiving""",0,
17039000,place,"""Recreation"",""Snow Sports""",0,
17040000,place,"""Recreation"",""Soccer""",0,
17041000,place,"""Recreation"",""Sports and Recreation Camps""",0,
17042000,place,"""Recreation"",""Sports Clubs""",0,
17043000,place,"""Recreation"",""Stadiums and Arenas""",0,
17044000,place,"""Recreation"",""Swimming""",0,
17045000,place,"""Recreation"",""Tennis""",0,
17046000,place,"""Recreation"",""Water Sports""",0,
17047000,place,"""Recreation"",""Yoga and Pilates""",0,
17048000,place,"""Recreation"",""Zoo""",0,
18000000,place,"""Service""",0,
18001000,place,"""Service"",""Advertising and Marketing""",0,
18001001,place,"""Service"",""Advertising and Marketing"",""Writing, Copywriting and Technical Writing""",0,
18001002,place,"""Service"",""Advertising and Marketing"",""Search Engine Marketing and Optimization""",0,
18001003,place,"""Service"",""Advertising and Marketing"",""Public Relations""",0,
18001004,place,"""Service"",""Advertising and Marketing"",""Promotional Items""",0,
18001005,place,"""Service"",""Advertising and Marketing"",""Print, TV, Radio and Outdoor Advertising""",0,
18001006,place,"""Service"",""Advertising and Marketing"",""Online Advertising""",0,
18001007,place,"""Service"",""Advertising and Marketing"",""Market Research and Consulting""",0,
18001008,place,"""Service"",""Advertising and Marketing"",""Direct Mail and Email Marketing Services""",0,
18001009,place,"""Service"",""Advertising and Marketing"",""Creative Services""",0,
18001010,place,"""Service"",""Advertising and Marketing"",""Advertising Agencies and Media Buyers""",0,
18003000,place,"""Service"",""Art Restoration""",0,
18004000,place,"""Service"",""Audiovisual""",0,
18005000,place,"""Service"",""Automation and Control Systems""",0,
18006000,place,"""Service"",""Automotive""",146,
18006001,place,"""Service"",""Automotive"",""Towing""",93,
18006002,place,"""Service"",""Automotive"",""Motorcycle, Moped and Scooter Repair""",264,
18006003,place,"""Service"",""Automotive"",""Maintenance and Repair""",264,
18006004,place,"""Service"",""Automotive"",""Car Wash and Detail""",0,
18006005,place,"""Service"",""Automotive"",""Car Appraisers""",0,
18006006,place,"""Service"",""Automotive"",""Auto Transmission""",354,
18006007,place,"""Service"",""Automotive"",""Auto Tires""",57,
18006008,place,"""Service"",""Automotive"",""Auto Smog Check""",0,
18006009,place,"""Service"",""Automotive"",""Auto Oil and Lube""",283,
18007000,place,"""Service"",""Business and Strategy Consulting""",0,
18008000,place,"""Service"",""Business Services""",0,
18008001,place,"""Service"",""Business Services"",""Printing and Publishing""",8,
18009000,special,"""Service"",""Cable""",0,
18010000,place,"""Service"",""Chemicals and Gasses""",1,
18011000,place,"""Service"",""Cleaning""",1,
18012000,place,"""Service"",""Computers""",0,
18012001,place,"""Service"",""Computers"",""Maintenance and Repair""",0,
18012002,place,"""Service"",""Computers"",""Software Development""",0,
18013000,place,"""Service"",""Construction""",356,
18013001,place,"""Service"",""Construction"",""Specialty""",356,
18013002,place,"""Service"",""Construction"",""Roofers""",38,
18013003,place,"""Service"",""Construction"",""Painting""",330,
18013004,place,"""Service"",""Construction"",""Masonry""",317,
18013005,place,"""Service"",""Construction"",""Infrastructure""",1761,
18013006,place,"""Service"",""Construction"",""Heating, Ventilating and Air Conditioning""",1,
18013007,place,"""Service"",""Construction"",""Electricians""",1,
18013008,place,"""Service"",""Construction"",""Contractors""",356,
18013009,place,"""Service"",""Construction"",""Carpet and Flooring""",396,
18013010,place,"""Service"",""Construction"",""Carpenters""",1,
18014000,place,"""Service"",""Credit Counseling and Bankruptcy Services""",0,
18015000,place,"""Service"",""Dating and Escort""",0,
18016000,place,"""Service"",""Employment Agencies""",0,
18017000,place,"""Service"",""Engineering""",0,
18018000,place,"""Service"",""Entertainment""",0,
18018001,place,"""Service"",""Entertainment"",""Media""",0,
18019000,place,"""Service"",""Events and Event Planning""",0,
18020000,place,"""Service"",""Financial""",0,
18020001,place,"""Service"",""Financial"",""Taxes""",0,
18020002,place,"""Service"",""Financial"",""Student Aid and Grants""",0,
18020003,place,"""Service"",""Financial"",""Stock Brokers""",0,
18020004,place,"""Service"",""Financial"",""Loans and Mortgages""",0,
18020005,place,"""Service"",""Financial"",""Holding and Investment Offices""",0,
18020006,place,"""Service"",""Financial"",""Fund Raising""",0,
18020007,place,"""Service"",""Financial"",""Financial Planning and Investments""",0,
18020008,place,"""Service"",""Financial"",""Credit Reporting""",0,
18020009,place,"""Service"",""Financial"",""Collections""",0,
18020010,place,"""Service"",""Financial"",""Check Cashing""",0,
18020011,place,"""Service"",""Financial"",""Business Brokers and Franchises""",0,
18020012,place,"""Service"",""Financial"",""Banking and Finance""",0,
18020013,place,"""Service"",""Financial"",""ATMs""",0,
18020014,place,"""Service"",""Financial"",""Accounting and Bookkeeping""",0,
18021000,place,"""Service"",""Food and Beverage""",246,diet
18021001,place,"""Service"",""Food and Beverage"",""Distribution""",217,diet
18021002,place,"""Service"",""Food and Beverage"",""Catering""",274,diet
18022000,place,"""Service"",""Funeral Services""",0,
18023000,place,"""Service"",""Geological""",0,
18024000,place,"""Service"",""Home Improvement""",152,
18024001,place,"""Service"",""Home Improvement"",""Upholstery""",180,
18024002,place,"""Service"",""Home Improvement"",""Tree Service""",1,
18024003,place,"""Service"",""Home Improvement"",""Swimming Pool Maintenance and Services""",1,
18024004,place,"""Service"",""Home Improvement"",""Storage""",1,
18024005,place,"""Service"",""Home Improvement"",""Roofers""",38,
18024006,place,"""Service"",""Home Improvement"",""Pools and Spas""",1,
18024007,place,"""Service"",""Home Improvement"",""Plumbing""",1,
18024008,place,"""Service"",""Home Improvement"",""Pest Control""",470,
18024009,place,"""Service"",""Home Improvement"",""Painting""",330,
18024010,place,"""Service"",""Home Improvement"",""Movers""",497,
18024011,place,"""Service"",""Home Improvement"",""Mobile Homes""",1,
18024012,place,"""Service"",""Home Improvement"",""Lighting Fixtures""",1,
18024013,place,"""Service"",""Home Improvement"",""Landscaping and Gardeners""",1,
18024014,place,"""Service"",""Home Improvement"",""Kitchens""",356,
18024015,place,"""Service"",""Home Improvement"",""Interior Design""",1,
18024016,place,"""Service"",""Home Improvement"",""Housewares""",180,
18024017,place,"""Service"",""Home Improvement"",""Home Inspection Services""",1,
18024018,place,"""Service"",""Home Improvement"",""Home Appliances""",700,
18024019,place,"""Service"",""Home Improvement"",""Heating, Ventilation and Air Conditioning""",1,
18024020,place,"""Service"",""Home Improvement"",""Hardware and Services""",268,
18024021,place,"""Service"",""Home Improvement"",""Fences, Fireplaces and Garage Doors""",268,
18024022,place,"""Service"",""Home Improvement"",""Electricians""",1,
18024023,place,"""Service"",""Home Improvement"",""Doors and Windows""",268,
18024024,place,"""Service"",""Home Improvement"",""Contractors""",152,
18024025,place,"""Service"",""Home Improvement"",""Carpet and Flooring""",396,
18024026,place,"""Service"",""Home Improvement"",""Carpenters""",1,
18024027,place,"""Service"",""Home Improvement"",""Architects""",1,
18025000,place,"""Service"",""Household""",0,
18026000,place,"""Service"",""Human Resources""",0,
18027000,place,"""Service"",""Immigration""",0,
18028000,place,"""Service"",""Import and Export""",0,
18029000,place,"""Service"",""Industrial Machinery and Vehicles""",1,
18030000,special,"""Service"",""Insurance""",0,
18031000,digital,"""Service"",""Internet Services""",0,
18032000,place,"""Service"",""Leather""",1,
18033000,place,"""Service"",""Legal""",0,
18034000,place,"""Service"",""Logging and Sawmills""",42,
18035000,place,"""Service"",""Machine Shops""",42,
18036000,place,"""Service"",""Management""",0,
18037000,place,"""Service"",""Manufacturing""",669,
18037001,place,"""Service"",""Manufacturing"",""Apparel and Fabric Products""",414,
18037002,place,"""Service"",""Manufacturing"",""Chemicals and Gasses""",777,
18037003,place,"""Service"",""Manufacturing"",""Computers and Office Machines""",110,
18037004,place,"""Service"",""Manufacturing"",""Electrical Equipment and Components""",110,
18037005,place,"""Service"",""Manufacturing"",""Food and Beverage""",434,
18037006,place,"""Service"",""Manufacturing"",""Furniture and Fixtures""",180,
18037007,place,"""Service"",""Manufacturing"",""Glass Products""",839,
18037008,place,"""Service"",""Manufacturing"",""Industrial Machinery and Equipment""",173,
18037009,place,"""Service"",""Manufacturing"",""Leather Goods""",414,
18037010,place,"""Service"",""Manufacturing"",""Metal Products""",408,
18037011,place,"""Service"",""Manufacturing"",""Nonmetallic Mineral Products""",3900,
18037012,place,"""Service"",""Manufacturing"",""Paper Products""",581,
18037013,place,"""Service"",""Manufacturing"",""Petroleum""",2022,
18037014,place,"""Service"",""Manufacturing"",""Plastic Products""",531,
18037015,place,"""Service"",""Manufacturing"",""Rubber Products""",531,
18037016,place,"""Service"",""Manufacturing"",""Service Instruments""",173,
18037017,place,"""Service"",""Manufacturing"",""Textiles""",414,
18037018,place,"""Service"",""Manufacturing"",""Tobacco""",434,
18037019,place,"""Service"",""Manufacturing"",""Transportation Equipment""",358,
18037020,place,"""Service"",""Manufacturing"",""Wood Products""",581,
18038000,place,"""Service"",""Media Production""",0,
18039000,place,"""Service"",""Metals""",408,
18040000,place,"""Service"",""Mining""",2646,
18040001,place,"""Service"",""Mining"",""Coal""",7380,
18040002,place,"""Service"",""Mining"",""Metal""",279,
18040003,place,"""Service"",""Mining"",""Non-Metallic Minerals""",279,
18041000,place,"""Service"",""News Reporting""",0,
18042000,place,"""Service"",""Oil and Gas""",2022,
18043000,place,"""Service"",""Packaging""",186,
18044000,place,"""Service"",""Paper""",8,
18045000,place,"""Service"",""Personal Care""",0,
18045001,place,"""Service"",""Personal Care"",""Tattooing""",0,
18045002,place,"""Service"",""Personal Care"",""Tanning Salons""",0,
18045003,place,"""Service"",""Personal Care"",""Spas""",0,
18045004,place,"""Service"",""Personal Care"",""Skin Care""",0,
18045005,place,"""Service"",""Personal Care"",""Piercing""",0,
18045006,place,"""Service"",""Personal Care"",""Massage Clinics and Therapists""",0,
18045007,place,"""Service"",""Personal Care"",""Manicures and Pedicures""",0,
18045008,place,"""Service"",""Personal Care"",""Laundry and Garment Services""",1100,
18045009,place,"""Service"",""Personal Care"",""Hair Salons and Barbers""",0,
18045010,place,"""Service"",""Personal Care"",""Hair Removal""",0,
18046000,place,"""Service"",""Petroleum""",2022,
18047000,place,"""Service"",""Photography""",0,
18048000,place,"""Service"",""Plastics""",531,
18049000,place,"""Service"",""Rail""",302,
18050000,place,"""Service"",""Real Estate""",0,
18050001,place,"""Service"",""Real Estate"",""Real Estate Development and Title Companies""",0,
18050002,place,"""Service"",""Real Estate"",""Real Estate Appraiser""",0,
18050003,place,"""Service"",""Real Estate"",""Real Estate Agents""",0,
18050004,place,"""Service"",""Real Estate"",""Property Management""",0,
18050005,place,"""Service"",""Real Estate"",""Corporate Housing""",0,
18050006,place,"""Service"",""Real Estate"",""Commercial Real Estate""",0,
18050007,place,"""Service"",""Real Estate"",""Building and Land Surveyors""",0,
18050008,place,"""Service"",""Real Estate"",""Boarding Houses""",0,
18050009,place,"""Service"",""Real Estate"",""Apartments, Condos and Houses""",0,
18050010,special,"""Service"",""Real Estate"",""Rent""",0,
18051000,place,"""Service"",""Refrigeration and Ice""",1,
18052000,place,"""Service"",""Renewable Energy""",1,
18053000,place,"""Service"",""Repair Services""",0,
18054000,place,"""Service"",""Research""",0,
18055000,place,"""Service"",""Rubber""",531,
18056000,place,"""Service"",""Scientific""",0,
18057000,place,"""Service"",""Security and Safety""",0,
18058000,place,"""Service"",""Shipping and Freight""",221,
18059000,place,"""Service"",""Software Development""",0,
18060000,place,"""Service"",""Storage""",93,
18061000,place,"""Service"",""Subscription""",0,
18062000,place,"""Service"",""Tailors""",0,
18063000,place,"""Service"",""Telecommunication Services""",0,
18064000,place,"""Service"",""Textiles""",414,
18065000,place,"""Service"",""Tourist Information and Services""",0,
18066000,place,"""Service"",""Transportation""",358,
18067000,place,"""Service"",""Travel Agents and Tour Operators""",0,
18068000,special,"""Service"",""Utilities""",1423,
18068001,special,"""Service"",""Utilities"",""Water""",142,
18068002,special,"""Service"",""Utilities"",""Sanitary and Waste Management""",973,
18068003,place,"""Service"",""Utilities"",""Heating, Ventilating, and Air Conditioning""",1,
18068004,special,"""Service"",""Utilities"",""Gas""",5079,
18068005,special,"""Service"",""Utilities"",""Electric""",2342,renewables
18069000,place,"""Service"",""Veterinarians""",0,
18070000,place,"""Service"",""Water and Waste Management""",1,
18071000,place,"""Service"",""Web Design and Development""",0,
18072000,place,"""Service"",""Welding""",1,
18073000,place,"""Service"",""Agriculture and Forestry""",4091,
18073001,place,"""Service"",""Agriculture and Forestry"",""Crop Production""",5323,
18073002,place,"""Service"",""Agriculture and Forestry"",""Forestry""",140,
18073003,place,"""Service"",""Agriculture and Forestry"",""Livestock and Animals""",6810,
18073004,place,"""Service"",""Agriculture and Forestry"",""Services""",4091,
18074000,place,"""Service"",""Art and Graphic Design""",0,
19000000,place,"""Shops""",518,
19001000,place,"""Shops"",""Adult""",190,
19002000,place,"""Shops"",""Antiques""",0,
19003000,place,"""Shops"",""Arts and Crafts""",181,
19004000,place,"""Shops"",""Auctions""",1,
19005000,place,"""Shops"",""Automotive""",396,
19005001,place,"""Shops"",""Automotive"",""Used Car Dealers""",1,
19005002,place,"""Shops"",""Automotive"",""Salvage Yards""",1,
19005003,place,"""Shops"",""Automotive"",""RVs and Motor Homes""",913,
19005004,place,"""Shops"",""Automotive"",""Motorcycles, Mopeds and Scooters""",913,
19005005,place,"""Shops"",""Automotive"",""Classic and Antique Car""",1,
19005006,place,"""Shops"",""Automotive"",""Car Parts and Accessories""",264,
19005007,place,"""Shops"",""Automotive"",""Car Dealers and Leasing""",680,
19006000,place,"""Shops"",""Beauty Products""",40,
19007000,place,"""Shops"",""Bicycles""",481,
19008000,place,"""Shops"",""Boat Dealers""",913,
19009000,place,"""Shops"",""Bookstores""",181,
19010000,place,"""Shops"",""Cards and Stationery""",181,
19011000,place,"""Shops"",""Children""",668,
19012000,place,"""Shops"",""Clothing and Accessories""",668,
19012001,place,"""Shops"",""Clothing and Accessories"",""Women's Store""",668,
19012002,place,"""Shops"",""Clothing and Accessories"",""Swimwear""",668,
19012003,place,"""Shops"",""Clothing and Accessories"",""Shoe Store""",668,
19012004,place,"""Shops"",""Clothing and Accessories"",""Men's Store""",668,
19012005,place,"""Shops"",""Clothing and Accessories"",""Lingerie Store""",190,
19012006,place,"""Shops"",""Clothing and Accessories"",""Kids' Store""",668,
19012007,place,"""Shops"",""Clothing and Accessories"",""Boutique""",668,
19012008,place,"""Shops"",""Clothing and Accessories"",""Accessories Store""",668,
19013000,place,"""Shops"",""Computers and Electronics""",386,
19013001,place,"""Shops"",""Computers and Electronics"",""Video Games""",386,
19013002,place,"""Shops"",""Computers and Electronics"",""Mobile Phones""",386,
19013003,place,"""Shops"",""Computers and Electronics"",""Cameras""",386,
19014000,place,"""Shops"",""Construction Supplies""",356,
19015000,place,"""Shops"",""Convenience Stores""",884,diet
19016000,place,"""Shops"",""Costumes""",668,
19017000,place,"""Shops"",""Dance and Music""",668,
19018000,place,"""Shops"",""Department Stores""",668,
19019000,digital,"""Shops"",""Digital Purchase""",0,
19020000,place,"""Shops"",""Discount Stores""",884,diet
19021000,place,"""Shops"",""Electrical Equipment""",386,
19022000,place,"""Shops"",""Equipment Rental""",0,
19023000,place,"""Shops"",""Flea Markets""",0,
19024000,place,"""Shops"",""Florists""",0,
19025000,place,"""Shops"",""Food and Beverage Store""",884,diet
19025001,place,"""Shops"",""Food and Beverage Store"",""Specialty""",884,diet
19025002,place,"""Shops"",""Food and Beverage Store"",""Health Food""",884,diet
19025003,place,"""Shops"",""Food and Beverage Store"",""Farmers Markets""",884,diet
19025004,place,"""Shops"",""Food and Beverage Store"",""Beer, Wine and Spirits""",360,
19026000,place,"""Shops"",""Fuel Dealer""",4080,
19027000,place,"""Shops"",""Furniture and Home Decor""",180,
19028000,place,"""Shops"",""Gift and Novelty""",181,
19029000,place,"""Shops"",""Glasses and Optometrist""",1,
19030000,place,"""Shops"",""Hardware Store""",356,
19031000,place,"""Shops"",""Hobby and Collectibles""",181,
19032000,place,"""Shops"",""Industrial Supplies""",669,
19033000,place,"""Shops"",""Jewelry and Watches""",400,
19034000,place,"""Shops"",""Luggage""",465,
19035000,place,"""Shops"",""Marine Supplies""",669,
19036000,place,"""Shops"",""Music, Video and DVD""",157,
19037000,place,"""Shops"",""Musical Instruments""",292,
19038000,place,"""Shops"",""Newsstands""",105,
19039000,place,"""Shops"",""Office Supplies""",460,
19040000,place,"""Shops"",""Outlet""",668,
19040001,place,"""Shops"",""Outlet"",""Women's Store""",668,
19040002,place,"""Shops"",""Outlet"",""Swimwear""",668,
19040003,place,"""Shops"",""Outlet"",""Shoe Store""",668,
19040004,place,"""Shops"",""Outlet"",""Men's Store""",668,
19040005,place,"""Shops"",""Outlet"",""Lingerie Store""",190,
19040006,place,"""Shops"",""Outlet"",""Kids' Store""",668,
19040007,place,"""Shops"",""Outlet"",""Boutique""",668,
19040008,place,"""Shops"",""Outlet"",""Accessories Store""",668,
19041000,place,"""Shops"",""Pawn Shops""",0,
19042000,place,"""Shops"",""Pets""",240,
19043000,place,"""Shops"",""Pharmacies""",240,
19044000,place,"""Shops"",""Photos and Frames""",195,
19045000,place,"""Shops"",""Shopping Centers and Malls""",668,
19046000,place,"""Shops"",""Sporting Goods""",500,
19047000,place,"""Shops"",""Supermarkets and Groceries""",884,diet
19048000,place,"""Shops"",""Tobacco""",286,
19049000,place,"""Shops"",""Toys""",412,
19050000,place,"""Shops"",""Vintage and Thrift""",0,
19051000,place,"""Shops"",""Warehouses and Wholesale Stores""",884,diet
19052000,place,"""Shops"",""Wedding and Bridal""",1,
19053000,place,"""Shops"",""Wholesale""",884,diet
19054000,place,"""Shops"",""Lawn and Garden""",1,
20000000,special,"""Tax""",0,
20001000,special,"""Tax"",""Refund""",0,
20002000,special,"""Tax"",""Payment""",0,
21000000,special,"""Transfer""",0,
21001000,special,"""Transfer"",""Internal Account Transfer""",0,
21002000,special,"""Transfer"",""ACH""",0,
21003000,special,"""Transfer"",""Billpay""",0,
21004000,special,"""Transfer"",""Check""",0,
21005000,special,"""Transfer"",""Credit""",0,
21006000,special,"""Transfer"",""Debit""",0,
21007000,special,"""Transfer"",""Deposit""",0,
21007001,special,"""Transfer"",""Deposit"",""Check""",0,
21007002,special,"""Transfer"",""Deposit"",""ATM""",0,
21008000,special,"""Transfer"",""Keep the Change Savings Program""",0,
21009000,special,"""Transfer"",""Payroll""",0,
21009001,special,"""Transfer"",""Payroll"",""Benefits""",0,
21010000,special,"""Transfer"",""Third Party""",0,
21010001,special,"""Transfer"",""Third Party"",""Venmo""",0,
21010002,special,"""Transfer"",""Third Party"",""Square Cash""",0,
21010003,special,"""Transfer"",""Third Party"",""Square""",0,
21010004,special,"""Transfer"",""Third Party"",""PayPal""",0,
21010005,special,"""Transfer"",""Third Party"",""Dwolla""",0,
21010006,special,"""Transfer"",""Third Party"",""Coinbase""",0,
21010007,special,"""Transfer"",""Third Party"",""Chase QuickPay""",0,
21010008,special,"""Transfer"",""Third Party"",""Acorns""",0,
21010009,special,"""Transfer"",""Third Party"",""Digit""",0,
21010010,special,"""Transfer"",""Third Party"",""Betterment""",0,
21010011,special,"""Transfer"",""Third Party"",""Plaid""",0,
21011000,special,"""Transfer"",""Wire""",0,
21012000,special,"""Transfer"",""Withdrawal""",0,
21012001,special,"""Transfer"",""Withdrawal"",""Check""",0,
21012002,special,"""Transfer"",""Withdrawal"",""ATM""",0,
21013000,special,"""Transfer"",""Save As You Go""",0,
22000000,place,"""Travel""",453,
22001000,special,"""Travel"",""Airlines and Aviation Services""",1283,
22002000,place,"""Travel"",""Airports""",1,
22003000,place,"""Travel"",""Boat""",1,
22004000,place,"""Travel"",""Bus Stations""",660,
22005000,place,"""Travel"",""Car and Truck Rentals""",1,
22006000,place,"""Travel"",""Car Service""",206,
22006001,special,"""Travel"",""Car Service"",""Ride Share""",206,
22007000,place,"""Travel"",""Charter Buses""",660,
22008000,special,"""Travel"",""Cruises""",553,
22009000,place,"""Travel"",""Gas Stations""",4080,
22010000,place,"""Travel"",""Heliports""",491,
22011000,place,"""Travel"",""Limos and Chauffeurs""",190,
22012000,place,"""Travel"",""Lodging""",173,
22012001,place,"""Travel"",""Lodging"",""Resorts""",173,
22012002,place,"""Travel"",""Lodging"",""Lodges and Vacation Rentals""",173,
22012003,place,"""Travel"",""Lodging"",""Hotels and Motels""",173,
22012004,place,"""Travel"",""Lodging"",""Hostels""",173,
22012005,place,"""Travel"",""Lodging"",""Cottages and Cabins""",173,
22012006,place,"""Travel"",""Lodging"",""Bed and Breakfasts""",173,
22013000,place,"""Travel"",""Parking""",0,
22014000,place,"""Travel"",""Public Transportation Services""",529,
22015000,place,"""Travel"",""Rail""",193,
22016000,special,"""Travel"",""Taxi""",152,
22017000,special,"""Travel"",""Tolls and Fees""",0,
22018000,place,"""Travel"",""Transportation Centers""",1,
